{"cameraMode":{"drawMode":0,"name":"Shaded","section":"Shading Mode"},"sceneLighting":false,"audioPlay":false,"sceneViewState":{"showFog":true,"showMaterialUpdate":true,"showSkybox":false,"showFlares":true,"showImageEffects":true,"showParticleSystems":true},"in2DMode":false,"pivot":{"x":-0.1562466025352478,"y":-1.7081135511398316,"z":0.16641446948051454},"rotation":{"x":0.6344434022903442,"y":-0.008109360933303833,"z":0.006676202639937401,"w":0.7729350328445435},"size":4.601908206939697,"orthographic":false}